,,,
Coffee drinking,Addition,Benefits_side_effect,Short Benefits
Coffee drinking,MCT oil,Benefits,Weight Loss
Coffee drinking,MCT oil,Benefits,Energy
Coffee drinking,MCT oil,Benefits,Anti epilepsy
Coffee drinking,MCT oil,Benefits,Alzheimerâ€™s disease
Coffee drinking,MCT oil,Benefits,Autism
Coffee drinking,MCT oil,Benefits,Heart disease
Coffee drinking,MCT oil,Benefits,Antidiabetic
Coffee drinking,MCT oil,Side Effects,Liver fat
Coffee drinking,MCT oil,Side Effects,Hunger
Coffee drinking,Ginseng,Benefits,Anti inflammatory
Coffee drinking,Ginseng,Benefits,Antioxidants
Coffee drinking,Ginseng,Benefits,Mental function
Coffee drinking,Ginseng,Benefits,Erection
Coffee drinking,Ginseng,Benefits,Immune
Coffee drinking,Ginseng,Benefits,Anti cancer
Coffee drinking,Ginseng,Benefits,Energy
Coffee drinking,Ginseng,Benefits,Antidiabetic
Coffee drinking,Antioxidants in broccoli (Sulforaphane),Benefits,Anti cancer
Coffee drinking,Antioxidants in broccoli (Sulforaphane),Benefits,Heart health
Coffee drinking,Antioxidants in broccoli (Sulforaphane),Benefits,Antidiabetic
Coffee drinking,Antioxidants in broccoli (Sulforaphane),Benefits,Autism
Coffee drinking,Antioxidants in broccoli (Sulforaphane),Benefits,Protect from sun
Coffee drinking,Antioxidants in broccoli (Sulforaphane),Benefits,Mental function
Coffee drinking,Antioxidants in broccoli (Sulforaphane),Benefits,Anti constipation
Coffee drinking,Green Oats Nootropic,Benefits,Memory
Coffee drinking,Green Oats Nootropic,Benefits,Mental function
Coffee drinking,Aloe Vera Extract,Benefits,Nutrients
Coffee drinking,Aloe Vera Extract,Benefits,Antioxidants
Coffee drinking,Aloe Vera Extract,Benefits,Healing
Coffee drinking,Aloe Vera Extract,Benefits,Dental
Coffee drinking,Aloe Vera Extract,Benefits,Anti cancer
Coffee drinking,Aloe Vera Extract,Benefits,Anti constipation
Coffee drinking,Aloe Vera Extract,Benefits,Skin health
Coffee drinking,Aloe Vera Extract,Benefits,Antidiabetic
Coffee drinking,Aloe Vera Extract,Side Effects,Stomach cramps
Coffee drinking,Aloe Vera Extract,Side Effects,Liver Damage
Coffee drinking,Collagen Peptides,Benefits,Skin health
Coffee drinking,Collagen Peptides,Benefits,Join pain
Coffee drinking,Collagen Peptides,Benefits,Bone loss
Coffee drinking,Collagen Peptides,Benefits,Muscle mass
Coffee drinking,Collagen Peptides,Benefits,Heart health
Coffee drinking,Collagen Peptides,Side Effects,Bad taste
Coffee drinking,Collagen Peptides,Side Effects,Neartburn
Coffee drinking,Collagen Peptides,Side Effects,Fullness
Coffee drinking,Artichoke Extract,Benefits,Nutrients
Coffee drinking,Artichoke Extract,Benefits,Cholesterol
Coffee drinking,Artichoke Extract,Benefits,Blood Pressure
Coffee drinking,Artichoke Extract,Benefits,Liver health
Coffee drinking,Artichoke Extract,Benefits,Digestive health
Coffee drinking,Artichoke Extract,Benefits,Antidiabetic
Coffee drinking,Artichoke Extract,Benefits,Anti cancer
Coffee drinking,Pumpkin Seed Extract,Benefits,Nutrients
Coffee drinking,Pumpkin Seed Extract,Benefits,Antioxidants
Coffee drinking,Pumpkin Seed Extract,Benefits,Anti cancer
Coffee drinking,Pumpkin Seed Extract,Benefits,Prostate health
Coffee drinking,Pumpkin Seed Extract,Benefits,Bladder health
Coffee drinking,Pumpkin Seed Extract,Benefits,Magnesium
Coffee drinking,Pumpkin Seed Extract,Benefits,Heart health
Coffee drinking,Pumpkin Seed Extract,Benefits,Antidiabetic
Coffee drinking,Pumpkin Seed Extract,Benefits,Sperm quality
Coffee drinking,Pumpkin Seed Extract,Benefits,Sleep
Coffee drinking,Green Tea Extract,Benefits,Mental function
Coffee drinking,Green Tea Extract,Benefits,Anti depression
Coffee drinking,Green Tea Extract,Benefits,Anti dementia
Coffee drinking,Green Tea Extract,Benefits,Anti inflammatory
Coffee drinking,Green Tea Extract,Benefits,Attention
Coffee drinking,Black Currant Extract,Benefits,Cholesterol
Coffee drinking,Black Currant Extract,Benefits,Anti glaucoma
Coffee drinking,Black Currant Extract,Benefits,Antioxidants
Coffee drinking,Black Currant Extract,Benefits,Immunity
Coffee drinking,Black Currant Extract,Benefits,Gastrointestinal health
Coffee drinking,Echinacea Extract,Benefits,Antioxidants
Coffee drinking,Echinacea Extract,Benefits,Immunity
Coffee drinking,Echinacea Extract,Benefits,Antidiabetic
Coffee drinking,Echinacea Extract,Benefits,Anti anxiety
Coffee drinking,Echinacea Extract,Benefits,Anti inflammatory
Coffee drinking,Echinacea Extract,Benefits,Skin health
Coffee drinking,Echinacea Extract,Benefits,Anti cancer
Coffee drinking,Echinacea Extract,Side Effects,For short term
Coffee drinking,Acerola Cherry Extract,Benefits,Immunity
Coffee drinking,Acerola Cherry Extract,Benefits,Digestive health
Coffee drinking,Acerola Cherry Extract,Benefits,Vitamin C
Coffee drinking,Ashwagandha Extract,Benefits,Antidiabetic
Coffee drinking,Ashwagandha Extract,Benefits,Anti cancer
Coffee drinking,Ashwagandha Extract,Benefits,Cortisol
Coffee drinking,Ashwagandha Extract,Benefits,Anti stress
Coffee drinking,Ashwagandha Extract,Benefits,Anti depression
Coffee drinking,Ashwagandha Extract,Benefits,Anti anxiety
Coffee drinking,Ashwagandha Extract,Benefits,Testosterone
Coffee drinking,Ashwagandha Extract,Benefits,Men fertility
Coffee drinking,Ashwagandha Extract,Benefits,Muscle mass
Coffee drinking,Ashwagandha Extract,Benefits,Anti inflammatory
Coffee drinking,Ashwagandha Extract,Benefits,Cholesterol
Coffee drinking,Ashwagandha Extract,Benefits,Mental function
Coffee drinking,Lemon Balm Extract,Benefits,Anti stress
Coffee drinking,Lemon Balm Extract,Benefits,Anti anxiety
Coffee drinking,Lemon Balm Extract,Benefits,Cognitive
Coffee drinking,Lemon Balm Extract,Benefits,Sleep
Coffee drinking,Lemon Balm Extract,Benefits,Cold sores
Coffee drinking,Lemon Balm Extract,Benefits,Digestive health
Coffee drinking,Lemon Balm Extract,Benefits,Nausea
Coffee drinking,Lemon Balm Extract,Benefits,Menstrual cramps
Coffee drinking,Lemon Balm Extract,Benefits,Headache pain
Coffee drinking,Lemon Balm Extract,Benefits,Toothache
Coffee drinking,Lemon Balm Extract,Side Effects,Some side effects